,root,filename,w,h,x1,x2,y1,y2
0,../data/bird2_train/,Blue_Jay_00.jpg,600,391,102,445,52,333
1,../data/bird2_train/,Blue_Jay_001.jpg,960,640,403,835,72,435
2,../data/bird2_train/,Blue_Jay_00111.jpg,480,360,42,430,43,269
3,../data/bird2_train/,Blue_Jay_0031.jpg,570,380,257,487,60,309
4,../data/bird2_train/,Blue_Jay_00343.jpg,540,346,118,472,35,245
5,../data/bird2_train/,Blue_Jay_0038_62784.jpg,480,500,225,440,124,445
6,../data/bird2_train/,Blue_Jay_0044_62759.jpg,500,333,72,274,75,285
7,../data/bird2_train/,Blue_Jay_0048_62433.jpg,500,393,227,475,74,309
8,../data/bird2_train/,Blue_Jay_0049_63082.jpg,328,500,86,246,103,341
9,../data/bird2_train/,Blue_Jay_0050_62974.jpg,500,355,64,370,85,268
10,../data/bird2_train/,Blue_Jay_0052_63148.jpg,500,393,185,459,33,262
11,../data/bird2_train/,Blue_Jay_0053_62744.jpg,500,408,86,424,95,296
12,../data/bird2_train/,Blue_Jay_0054_61656.jpg,500,468,197,301,109,262
13,../data/bird2_train/,Blue_Jay_0055_61507.jpg,500,333,70,378,31,236
14,../data/bird2_train/,Blue_Jay_0060_62570.jpg,500,400,55,333,109,308
15,../data/bird2_train/,Blue_Jay_0062_62585.jpg,500,335,157,382,88,275
16,../data/bird2_train/,Blue_Jay_00644.jpg,600,451,118,401,78,329
17,../data/bird2_train/,Blue_Jay_0066.jpg,497,640,136,373,71,515
18,../data/bird2_train/,Blue_Jay_0068_61543.jpg,500,415,227,425,70,235
19,../data/bird2_train/,Blue_Jay_0070_63684.jpg,500,375,225,407,136,226
20,../data/bird2_train/,Blue_Jay_0072_62944.jpg,500,468,94,341,97,287
21,../data/bird2_train/,Blue_Jay_0074_63487.jpg,375,500,143,304,270,392
22,../data/bird2_train/,Blue_Jay_0075_63021.jpg,500,375,93,399,22,286
23,../data/bird2_train/,Blue_Jay_0076.jpg,500,333,55,419,92,246
24,../data/bird2_train/,Blue_Jay_0078_62351.jpg,500,375,193,419,91,318
25,../data/bird2_train/,Blue_Jay_0081_61714.jpg,500,333,163,377,61,181
26,../data/bird2_train/,Blue_Jay_0082_62524.jpg,500,313,160,292,40,245
27,../data/bird2_train/,Blue_Jay_0083_61492.jpg,402,500,39,298,29,268
28,../data/bird2_train/,Blue_Jay_0085_62831.jpg,500,400,68,253,112,321
29,../data/bird2_train/,Blue_Jay_0087.jpg,307,415,20,264,58,353
30,../data/bird2_train/,Blue_Jay_0088_63264.jpg,500,335,235,402,57,265
31,../data/bird2_train/,Blue_Jay_0092_61654.jpg,500,330,53,436,49,245
32,../data/bird2_train/,Blue_Jay_0094_62698.jpg,500,369,92,395,92,262
33,../data/bird2_train/,Blue_Jay_0096_63330.jpg,500,389,107,346,93,243
34,../data/bird2_train/,Blue_Jay_0099_64435.jpg,500,400,152,394,67,280
35,../data/bird2_train/,Cardinal_0010_18894.jpg,500,332,65,204,51,222
36,../data/bird2_train/,Cardinal_0011.jpg,428,640,130,353,171,505
37,../data/bird2_train/,Cardinal_0012.jpg,540,359,237,459,63,281
38,../data/bird2_train/,Cardinal_00120.jpg,768,512,150,546,68,361
39,../data/bird2_train/,Cardinal_00121.jpg,640,485,175,500,122,343
40,../data/bird2_train/,Cardinal_00122.jpg,628,381,167,494,31,348
41,../data/bird2_train/,Cardinal_001222.jpg,666,411,137,440,21,314
42,../data/bird2_train/,Cardinal_00124.jpg,600,430,269,499,76,370
43,../data/bird2_train/,Cardinal_001244.jpg,500,333,84,358,68,246
44,../data/bird2_train/,Cardinal_00125.jpg,450,300,76,400,54,245
45,../data/bird2_train/,Cardinal_001255.jpg,500,667,126,397,90,514
46,../data/bird2_train/,Cardinal_00125563.jpg,613,345,98,338,42,277
47,../data/bird2_train/,Cardinal_00126.jpg,537,414,229,426,31,387
48,../data/bird2_train/,Cardinal_0025_17239.jpg,500,362,135,335,65,277
49,../data/bird2_train/,Cardinal_0041_17189.jpg,500,390,122,339,155,235
50,../data/bird2_train/,Cardinal_0047_17673.jpg,500,398,146,304,65,287
51,../data/bird2_train/,Cardinal_0052_18334.jpg,500,330,91,393,105,234
52,../data/bird2_train/,Cardinal_0053_17541.jpg,377,500,76,275,96,413
53,../data/bird2_train/,Cardinal_0075_17946.jpg,399,500,110,265,129,320
54,../data/bird2_train/,Cardinal_0083_18042.jpg,500,375,93,399,80,303
55,../data/bird2_train/,Cardinal_0084_17576.jpg,500,409,97,288,176,301
56,../data/bird2_train/,Cardinal_0092.jpg,480,360,129,306,38,282
57,../data/bird2_train/,Cardinal_0094_17165.jpg,500,348,157,417,61,215
58,../data/bird2_train/,Cardinal_0095_18108.jpg,382,500,125,335,78,371
59,../data/bird2_train/,Cardinal_0104_17122.jpg,352,500,47,260,69,323
60,../data/bird2_train/,Cardinal_055.jpg,275,183,54,253,25,151
61,../data/bird2_train/,Cardinal_093.jpg,400,382,52,355,11,331
62,../data/bird2_train/,Cardinal_094.jpg,720,540,209,469,70,416
63,../data/bird2_train/,Cardinal_1100.jpg,600,600,167,430,103,357
64,../data/bird2_train/,Cardinal_12642.jpg,500,333,97,410,34,220
65,../data/bird2_train/,Cardinal_15542.jpg,628,416,123,465,45,383
66,../data/bird2_train/,Cardinal_1642.jpg,480,360,127,312,35,290
67,../data/bird2_train/,Cardinal_166.jpg,450,300,57,400,52,235
68,../data/bird2_train/,Cardinal_196.jpg,600,400,132,402,58,297
69,../data/bird2_train/,Cardinal_198.jpg,512,410,212,376,94,264
70,../data/bird2_train/,Gadwall_0030_31855.jpg,500,332,111,391,54,239
71,../data/bird2_train/,Gadwall_0031_30935.jpg,500,375,44,377,88,214
72,../data/bird2_train/,Gadwall_0035_30985.jpg,500,278,52,367,48,176
73,../data/bird2_train/,Gadwall_0036_31760.jpg,500,333,74,303,69,156
74,../data/bird2_train/,Gadwall_0039_31013.jpg,500,333,149,450,59,214
75,../data/bird2_train/,Gadwall_0040_31788.jpg,500,306,81,367,88,254
76,../data/bird2_train/,Gadwall_0041_31064.jpg,500,393,88,460,70,237
77,../data/bird2_train/,Gadwall_0042_31411.jpg,500,429,172,371,76,197
78,../data/bird2_train/,Gadwall_0048_31312.jpg,500,333,179,407,115,224
79,../data/bird2_train/,Gadwall_0049_30936.jpg,500,385,99,380,98,209
80,../data/bird2_train/,Gadwall_0050_31223.jpg,500,488,129,414,112,243
81,../data/bird2_train/,Gadwall_0052_30915.jpg,500,312,77,416,69,246
82,../data/bird2_train/,Gadwall_0055_30912.jpg,500,375,65,307,43,246
83,../data/bird2_train/,Gadwall_0058_31660.jpg,500,333,150,358,62,225
84,../data/bird2_train/,Gadwall_0059_31646.jpg,500,376,171,443,106,303
85,../data/bird2_train/,Gadwall_0060_31686.jpg,500,333,84,388,103,262
86,../data/bird2_train/,Gadwall_0064_31504.jpg,500,333,246,419,99,189
87,../data/bird2_train/,Gadwall_0065_31659.jpg,500,401,129,389,123,243
88,../data/bird2_train/,Gadwall_0066_31557.jpg,500,348,44,373,111,231
89,../data/bird2_train/,Gadwall_0068_30886.jpg,500,314,84,422,77,196
90,../data/bird2_train/,Gadwall_0069_31291.jpg,500,333,41,476,30,178
91,../data/bird2_train/,Gadwall_0070_31187.jpg,500,334,100,415,62,206
92,../data/bird2_train/,Gadwall_0075_30892.jpg,500,348,43,324,168,288
93,../data/bird2_train/,Gadwall_0076_31639.jpg,500,304,177,446,121,237
94,../data/bird2_train/,Gadwall_0077_30929.jpg,500,371,121,334,125,230
95,../data/bird2_train/,Gadwall_0079_31052.jpg,500,333,12,384,79,196
96,../data/bird2_train/,Gadwall_0082_31301.jpg,500,375,103,389,144,296
97,../data/bird2_train/,Gadwall_0083_30959.jpg,500,333,41,298,133,224
98,../data/bird2_train/,Gadwall_0084_31135.jpg,500,397,115,353,104,273
99,../data/bird2_train/,Gadwall_0085_31171.jpg,500,329,57,441,51,197
100,../data/bird2_train/,Gadwall_0086_31346.jpg,500,328,143,346,96,182
101,../data/bird2_train/,Gadwall_0087_31821.jpg,500,363,151,439,43,288
102,../data/bird2_train/,Gadwall_0088_31854.jpg,500,400,99,454,172,307
103,../data/bird2_train/,Gadwall_0091_30941.jpg,500,333,74,405,40,238
104,../data/bird2_train/,Gadwall_0093_30898.jpg,500,334,139,452,81,221
105,../data/bird2_train/,Gadwall_0095_30911.jpg,500,477,181,417,235,352
106,../data/bird2_train/,Gadwall_0096_31560.jpg,500,336,90,417,45,178
107,../data/bird2_train/,Gadwall_0097_30893.jpg,500,333,103,279,107,203
108,../data/bird2_train/,Gadwall_29.jpg,750,606,159,617,107,383
109,../data/bird2_train/,Horned_Grebe_0001_34723.jpg,500,346,132,362,100,258
110,../data/bird2_train/,Horned_Grebe_0002_34577.jpg,500,412,103,428,74,233
111,../data/bird2_train/,Horned_Grebe_0003_34983.jpg,500,400,134,456,99,233
112,../data/bird2_train/,Horned_Grebe_0005_34657.jpg,500,394,108,379,114,263
113,../data/bird2_train/,Horned_Grebe_0006_34718.jpg,500,332,119,367,68,235
114,../data/bird2_train/,Horned_Grebe_0009_34952.jpg,500,375,237,357,120,240
115,../data/bird2_train/,Horned_Grebe_0010_34716.jpg,500,375,159,309,120,207
116,../data/bird2_train/,Horned_Grebe_0011_34687.jpg,500,300,140,330,68,173
117,../data/bird2_train/,Horned_Grebe_0017_35073.jpg,500,334,91,334,85,210
118,../data/bird2_train/,Horned_Grebe_0019_34811.jpg,500,386,60,409,70,264
119,../data/bird2_train/,Horned_Grebe_0029_34557.jpg,500,333,113,473,88,208
120,../data/bird2_train/,Horned_Grebe_0031_34626.jpg,500,333,179,418,91,205
121,../data/bird2_train/,Horned_Grebe_0033_34736.jpg,500,375,127,285,144,235
122,../data/bird2_train/,Horned_Grebe_0039_34848.jpg,500,333,186,422,89,316
123,../data/bird2_train/,Horned_Grebe_0040_34548.jpg,500,444,70,425,81,267
124,../data/bird2_train/,Horned_Grebe_0041_34535.jpg,500,333,171,343,108,206
125,../data/bird2_train/,Horned_Grebe_0045_34859.jpg,500,326,125,327,57,201
126,../data/bird2_train/,Horned_Grebe_0046_34926.jpg,500,393,76,378,94,284
127,../data/bird2_train/,Horned_Grebe_0049_34779.jpg,500,333,66,387,54,262
128,../data/bird2_train/,Horned_Grebe_0050_34561.jpg,500,333,234,357,128,222
129,../data/bird2_train/,Horned_Grebe_0051_35143.jpg,500,417,153,448,119,298
130,../data/bird2_train/,Horned_Grebe_0061_34613.jpg,500,333,74,307,52,164
131,../data/bird2_train/,Horned_Grebe_0063_34966.jpg,500,351,102,372,67,270
132,../data/bird2_train/,Horned_Grebe_0064_35015.jpg,500,354,44,226,56,176
133,../data/bird2_train/,Horned_Grebe_0066_34738.jpg,500,359,191,382,134,259
134,../data/bird2_train/,Horned_Grebe_0067_34654.jpg,500,458,34,455,84,277
135,../data/bird2_train/,Horned_Grebe_0084_34936.jpg,500,358,145,375,108,220
136,../data/bird2_train/,Horned_Grebe_0085_34713.jpg,500,334,85,377,57,231
137,../data/bird2_train/,Horned_Grebe_0086_34749.jpg,500,358,110,307,119,249
138,../data/bird2_train/,Horned_Grebe_0088_35023.jpg,500,373,138,336,100,245
139,../data/bird2_train/,Horned_Grebe_0093_34720.jpg,500,333,134,407,77,271
140,../data/bird2_train/,Horned_Grebe_0095_34491.jpg,500,334,47,443,30,183
141,../data/bird2_train/,Horned_Grebe_0096_34452.jpg,500,400,95,359,49,333
142,../data/bird2_train/,Horned_Grebe_0098_34662.jpg,500,354,141,354,78,239
143,../data/bird2_train/,Horned_Grebe_0099_34989.jpg,500,345,79,328,102,230
144,../data/bird2_train/,Horned_Grebe_0100_34462.jpg,500,376,221,394,75,206
145,../data/bird2_train/,Horned_Grebe_0101_35203.jpg,500,333,153,291,107,231
146,../data/bird2_train/,Red_Winged-Blackbirds.jpg.653x0_q80_crop-smart.jpg,653,522,179,500,96,357
147,../data/bird2_train/,Red_Winged_Blackbird_00.jpg,700,365,158,624,43,269
148,../data/bird2_train/,Red_Winged_Blackbird_0000.jpg,322,402,71,301,36,301
149,../data/bird2_train/,Red_Winged_Blackbird_0011.jpg,700,400,271,619,32,327
150,../data/bird2_train/,Red_Winged_Blackbird_0011_5845.jpg,500,375,264,392,125,228
151,../data/bird2_train/,Red_Winged_Blackbird_0012.jpg,550,367,196,395,38,311
152,../data/bird2_train/,Red_Winged_Blackbird_0012_6015.jpg,500,339,139,345,76,245
153,../data/bird2_train/,Red_Winged_Blackbird_0013_5762.jpg,473,500,108,322,94,346
154,../data/bird2_train/,Red_Winged_Blackbird_0014_3761.jpg,333,500,92,279,105,352
155,../data/bird2_train/,Red_Winged_Blackbird_0020_4050.jpg,500,400,232,369,142,334
156,../data/bird2_train/,Red_Winged_Blackbird_0021.jpg,533,760,107,402,200,519
157,../data/bird2_train/,Red_Winged_Blackbird_0021_3767.jpg,500,335,152,412,62,282
158,../data/bird2_train/,Red_Winged_Blackbird_0022_4483.jpg,374,500,126,260,143,278
159,../data/bird2_train/,Red_Winged_Blackbird_0023_5257.jpg,420,498,140,314,140,326
160,../data/bird2_train/,Red_Winged_Blackbird_0024_4180.jpg,500,332,106,481,48,288
161,../data/bird2_train/,Red_Winged_Blackbird_00555.jpg,600,800,163,561,113,619
162,../data/bird2_train/,Red_Winged_Blackbird_0058_4141.jpg,500,375,158,309,150,292
163,../data/bird2_train/,Red_Winged_Blackbird_0059_4612.jpg,500,356,143,444,133,311
164,../data/bird2_train/,Red_Winged_Blackbird_0060_4688.jpg,500,355,148,434,112,256
165,../data/bird2_train/,Red_Winged_Blackbird_0061.jpg,760,514,236,446,111,366
166,../data/bird2_train/,Red_Winged_Blackbird_0061_4196.jpg,500,317,87,378,93,254
167,../data/bird2_train/,Red_Winged_Blackbird_0062_4233.jpg,357,500,120,295,111,408
168,../data/bird2_train/,Red_Winged_Blackbird_0064_4936.jpg,500,386,82,306,136,281
169,../data/bird2_train/,Red_Winged_Blackbird_0065_4026.jpg,500,372,199,386,142,292
170,../data/bird2_train/,Red_Winged_Blackbird_0066_5070.jpg,500,342,135,351,128,206
171,../data/bird2_train/,Red_Winged_Blackbird_0071_3988.jpg,500,333,48,468,62,235
172,../data/bird2_train/,Red_Winged_Blackbird_0072_4338.jpg,500,333,172,380,87,276
173,../data/bird2_train/,Red_Winged_Blackbird_0074_4146.jpg,500,301,228,376,125,196
174,../data/bird2_train/,Red_Winged_Blackbird_0075.jpg,500,300,301,451,27,219
175,../data/bird2_train/,Red_Winged_Blackbird_0078_5372.jpg,500,375,163,377,70,234
176,../data/bird2_train/,Red_Winged_Blackbird_0087.jpg,650,433,130,326,98,309
177,../data/bird2_train/,Red_Winged_Blackbird_0097.jpg,750,552,155,637,91,366
178,../data/bird2_train/,Red_Winged_Blackbird_0099.jpg,440,500,92,348,73,338
179,../data/bird2_train/,Red_Winged_Blackbird_0104_3918.jpg,500,334,172,240,91,195
180,../data/bird2_train/,Red_Winged_Blackbird_0105_4842.jpg,500,406,175,334,97,294
181,../data/bird2_train/,Red_Winged_Blackbird_0109_4454.jpg,500,397,5,442,68,267
182,../data/bird2_train/,Red_Winged_Blackbird_019.jpg,490,585,63,386,120,443
183,../data/bird2_train/,Western_Meadowlark_0001_78676.jpg,500,334,266,365,73,234
184,../data/bird2_train/,Western_Meadowlark_0013_77712.jpg,333,500,62,239,87,210
185,../data/bird2_train/,Western_Meadowlark_0015_78610.jpg,479,429,156,376,124,299
186,../data/bird2_train/,Western_Meadowlark_0019_77876.jpg,500,414,298,433,152,329
187,../data/bird2_train/,Western_Meadowlark_0021_78841.jpg,333,500,109,235,53,150
188,../data/bird2_train/,Western_Meadowlark_0022_78410.jpg,400,500,110,335,77,333
189,../data/bird2_train/,Western_Meadowlark_0024_78432.jpg,463,500,204,337,122,256
190,../data/bird2_train/,Western_Meadowlark_0026_78438.jpg,498,500,57,280,151,403
191,../data/bird2_train/,Western_Meadowlark_0028_78487.jpg,420,280,100,320,50,193
192,../data/bird2_train/,Western_Meadowlark_0029_78832.jpg,500,333,164,274,103,227
193,../data/bird2_train/,Western_Meadowlark_0032_78633.jpg,500,349,66,356,42,225
194,../data/bird2_train/,Western_Meadowlark_0033_78312.jpg,500,333,70,231,122,282
195,../data/bird2_train/,Western_Meadowlark_0034_78869.jpg,461,500,199,347,162,301
196,../data/bird2_train/,Western_Meadowlark_0037_77759.jpg,334,500,37,246,79,398
197,../data/bird2_train/,Western_Meadowlark_0038_77785.jpg,500,351,66,395,47,272
198,../data/bird2_train/,Western_Meadowlark_0040_77823.jpg,500,400,126,443,69,288
199,../data/bird2_train/,Western_Meadowlark_0042_78180.jpg,500,336,277,379,93,242
200,../data/bird2_train/,Western_Meadowlark_0044_77758.jpg,357,500,74,240,105,274
201,../data/bird2_train/,Western_Meadowlark_0050_77864.jpg,500,400,101,380,117,273
202,../data/bird2_train/,Western_Meadowlark_0053_77774.jpg,429,500,48,260,52,242
203,../data/bird2_train/,Western_Meadowlark_0067_78529.jpg,500,333,220,287,109,228
204,../data/bird2_train/,Western_Meadowlark_0069_78587.jpg,500,281,42,434,39,246
205,../data/bird2_train/,Western_Meadowlark_0077_77814.jpg,500,354,134,306,66,257
206,../data/bird2_train/,Western_Meadowlark_0081_77798.jpg,433,500,117,379,105,419
207,../data/bird2_train/,Western_Meadowlark_0091_78576.jpg,500,386,89,363,94,263
208,../data/bird2_train/,Western_Meadowlark_0100_78037.jpg,500,450,199,347,81,309
209,../data/bird2_train/,Western_Meadowlark_0103_78500.jpg,500,344,102,220,148,235
210,../data/bird2_train/,Western_Meadowlark_0104_78105.jpg,500,468,187,428,122,355
211,../data/bird2_train/,Western_Meadowlark_0107_78608.jpg,384,500,126,289,104,335
212,../data/bird2_train/,Western_Meadowlark_0108_78155.jpg,500,375,56,278,124,280
213,../data/bird2_train/,Western_Meadowlark_0109_77990.jpg,353,500,130,261,154,350
214,../data/bird2_train/,Western_Meadowlark_0112_78760.jpg,500,400,124,356,7,307
215,../data/bird2_train/,Western_Meadowlark_0115_77882.jpg,500,439,188,359,66,326
216,../data/bird2_train/,Western_Meadowlark_0116_77862.jpg,500,476,172,297,190,308
217,../data/bird2_train/,Western_Meadowlark_0121_78402.jpg,500,328,198,320,132,252
218,../data/bird2_train/,Western_Meadowlark_0050_77864_jpg_0.jpg,500,400,126,396,110,272
219,../data/bird2_train/,Blue_Jay_0087_jpg_1.jpg,307,415,16,271,45,321
220,../data/bird2_train/,Western_Meadowlark_0112_78760_jpg_2.jpg,500,400,149,382,14,303
221,../data/bird2_train/,Horned_Grebe_0049_34779_jpg_3.jpg,500,333,125,441,55,262
222,../data/bird2_train/,Western_Meadowlark_0021_78841_jpg_4.jpg,333,500,109,216,56,151
223,../data/bird2_train/,Gadwall_0086_31346_jpg_5.jpg,500,328,145,352,88,192
224,../data/bird2_train/,Red_Winged_Blackbird_00_jpg_6.jpg,700,365,80,534,38,300
225,../data/bird2_train/,Gadwall_0069_31291_jpg_7.jpg,500,333,48,491,12,208
226,../data/bird2_train/,Gadwall_0036_31760_jpg_8.jpg,500,333,190,435,58,183
227,../data/bird2_train/,Cardinal_0094_17165_jpg_9.jpg,500,348,60,325,45,252
228,../data/bird2_train/,Western_Meadowlark_0112_78760_jpg_10.jpg,500,400,135,409,1,321
229,../data/bird2_train/,Horned_Grebe_0001_34723_jpg_11.jpg,500,346,102,374,77,271
230,../data/bird2_train/,Blue_Jay_001_jpg_12.jpg,960,640,392,891,45,490
231,../data/bird2_train/,Western_Meadowlark_0034_78869_jpg_13.jpg,461,500,191,328,144,301
232,../data/bird2_train/,Red_Winged-Blackbirds_jpg_653x0_q80_crop-smart_jpg_14.jpg,653,522,177,455,92,334
233,../data/bird2_train/,Gadwall_0095_30911_jpg_15.jpg,500,477,169,411,226,367
234,../data/bird2_train/,Horned_Grebe_0100_34462_jpg_16.jpg,500,376,209,387,55,210
235,../data/bird2_train/,Gadwall_0041_31064_jpg_17.jpg,500,393,81,464,44,250
236,../data/bird2_train/,Horned_Grebe_0061_34613_jpg_18.jpg,500,333,199,422,56,171
237,../data/bird2_train/,Blue_Jay_0075_63021_jpg_19.jpg,500,375,88,415,11,281
238,../data/bird2_train/,Gadwall_0064_31504_jpg_20.jpg,500,333,255,424,103,193
239,../data/bird2_train/,Cardinal_12642_jpg_21.jpg,500,333,92,481,5,287
240,../data/bird2_train/,Horned_Grebe_0046_34926_jpg_22.jpg,500,393,74,377,89,271
241,../data/bird2_train/,Blue_Jay_0082_62524_jpg_23.jpg,500,313,142,319,13,249
242,../data/bird2_train/,Gadwall_0055_30912_jpg_24.jpg,500,375,206,420,55,245
243,../data/bird2_train/,Gadwall_29_jpg_25.jpg,750,606,109,580,78,433
244,../data/bird2_train/,Horned_Grebe_0084_34936_jpg_26.jpg,500,358,118,349,104,228
245,../data/bird2_train/,Western_Meadowlark_0038_77785_jpg_27.jpg,500,351,104,406,40,263
246,../data/bird2_train/,Red_Winged_Blackbird_0061_4196_jpg_28.jpg,500,317,86,372,84,259
247,../data/bird2_train/,Horned_Grebe_0010_34716_jpg_29.jpg,500,375,188,356,111,221
248,../data/bird2_train/,Red_Winged_Blackbird_0023_5257_jpg_30.jpg,420,498,132,303,145,314
249,../data/bird2_train/,Blue_Jay_0068_61543_jpg_31.jpg,500,415,42,270,68,233
250,../data/bird2_train/,Red_Winged_Blackbird_0021_3767_jpg_32.jpg,500,335,72,379,37,310
251,../data/bird2_train/,Western_Meadowlark_0026_78438_jpg_33.jpg,498,500,44,309,132,427
252,../data/bird2_train/,Western_Meadowlark_0104_78105_jpg_34.jpg,500,468,65,312,112,379
253,../data/bird2_train/,Horned_Grebe_0086_34749_jpg_35.jpg,500,358,110,309,94,256
254,../data/bird2_train/,Western_Meadowlark_0026_78438_jpg_36.jpg,498,500,157,465,133,464
255,../data/bird2_train/,Cardinal_0075_17946_jpg_37.jpg,399,500,90,286,109,353
256,../data/bird2_train/,Red_Winged_Blackbird_0012_6015_jpg_38.jpg,500,339,143,363,78,255
257,../data/bird2_train/,Gadwall_0079_31052_jpg_39.jpg,500,333,136,469,78,205
258,../data/bird2_train/,Cardinal_001244_jpg_40.jpg,500,333,154,357,71,250
259,../data/bird2_train/,Red_Winged_Blackbird_0024_4180_jpg_41.jpg,500,332,0,407,54,305
260,../data/bird2_train/,Blue_Jay_0066_jpg_42.jpg,497,640,119,410,42,567
261,../data/bird2_train/,Cardinal_093_jpg_43.jpg,400,382,30,368,0,349
262,../data/bird2_train/,Cardinal_00124_jpg_44.jpg,600,430,243,522,43,370
263,../data/bird2_train/,Gadwall_0049_30936_jpg_45.jpg,500,385,93,387,83,231
264,../data/bird2_train/,Cardinal_0012_jpg_46.jpg,540,359,231,443,64,250
265,../data/bird2_train/,Red_Winged_Blackbird_0072_4338_jpg_47.jpg,500,333,120,340,83,266
266,../data/bird2_train/,Horned_Grebe_0006_34718_jpg_48.jpg,500,332,131,382,59,243
267,../data/bird2_train/,Horned_Grebe_0010_34716_jpg_49.jpg,500,375,184,348,110,213
268,../data/bird2_train/,Horned_Grebe_0088_35023_jpg_50.jpg,500,373,133,345,93,248
269,../data/bird2_train/,Western_Meadowlark_0001_78676_jpg_51.jpg,500,334,128,259,52,222
270,../data/bird2_train/,Horned_Grebe_0039_34848_jpg_52.jpg,500,333,177,454,58,325
271,../data/bird2_train/,Gadwall_0035_30985_jpg_53.jpg,500,278,135,449,19,199
272,../data/bird2_train/,Gadwall_0040_31788_jpg_54.jpg,500,306,143,421,78,255
273,../data/bird2_train/,Western_Meadowlark_0108_78155_jpg_55.jpg,500,375,240,446,105,271
274,../data/bird2_train/,Western_Meadowlark_0109_77990_jpg_56.jpg,353,500,88,229,152,355
275,../data/bird2_train/,Western_Meadowlark_0028_78487_jpg_57.jpg,420,280,55,347,34,229
276,../data/bird2_train/,Cardinal_0010_18894_jpg_58.jpg,500,332,295,447,59,226
277,../data/bird2_train/,Blue_Jay_0085_62831_jpg_59.jpg,500,400,233,438,120,340
278,../data/bird2_train/,Gadwall_0049_30936_jpg_60.jpg,500,385,102,396,82,230
279,../data/bird2_train/,Cardinal_001222_jpg_61.jpg,666,411,131,468,0,285
280,../data/bird2_train/,Cardinal_00126_jpg_62.jpg,537,414,78,298,33,390
281,../data/bird2_train/,Western_Meadowlark_0116_77862_jpg_63.jpg,500,476,200,344,189,325
282,../data/bird2_train/,Blue_Jay_0052_63148_jpg_64.jpg,500,393,38,353,0,268
283,../data/bird2_train/,Blue_Jay_0078_62351_jpg_65.jpg,500,375,181,435,86,351
284,../data/bird2_train/,Western_Meadowlark_0077_77814_jpg_66.jpg,500,354,120,321,56,281
285,../data/bird2_train/,Western_Meadowlark_0040_77823_jpg_67.jpg,500,400,65,378,62,308
286,../data/bird2_train/,Western_Meadowlark_0103_78500_jpg_68.jpg,500,344,273,387,152,256
287,../data/bird2_train/,Western_Meadowlark_0107_78608_jpg_69.jpg,384,500,67,274,94,357
288,../data/bird2_train/,Horned_Grebe_0017_35073_jpg_70.jpg,500,334,99,326,90,204
289,../data/bird2_train/,Cardinal_0104_17122_jpg_71.jpg,352,500,19,281,58,403
290,../data/bird2_train/,Western_Meadowlark_0029_78832_jpg_72.jpg,500,333,149,289,96,251
291,../data/bird2_train/,Horned_Grebe_0005_34657_jpg_73.jpg,500,394,108,385,91,280
292,../data/bird2_train/,Cardinal_15542_jpg_74.jpg,628,416,160,515,41,371
293,../data/bird2_train/,Gadwall_0058_31660_jpg_75.jpg,500,333,143,353,57,244
294,../data/bird2_train/,Gadwall_0082_31301_jpg_76.jpg,500,375,133,395,151,291
295,../data/bird2_train/,Blue_Jay_0094_62698_jpg_77.jpg,500,369,85,399,75,270
296,../data/bird2_train/,Gadwall_0042_31411_jpg_78.jpg,500,429,175,379,75,201
297,../data/bird2_train/,Blue_Jay_0050_62974_jpg_79.jpg,500,355,138,453,95,259
298,../data/bird2_train/,Horned_Grebe_0002_34577_jpg_80.jpg,500,412,90,406,66,235
299,../data/bird2_train/,Gadwall_0095_30911_jpg_81.jpg,500,477,180,426,208,360
300,../data/bird2_train/,Western_Meadowlark_0024_78432_jpg_82.jpg,463,500,198,322,112,262
301,../data/bird2_train/,Western_Meadowlark_0013_77712_jpg_83.jpg,333,500,69,256,76,214
302,../data/bird2_train/,Red_Winged_Blackbird_019_jpg_84.jpg,490,585,32,406,94,458
303,../data/bird2_train/,Western_Meadowlark_0081_77798_jpg_85.jpg,433,500,101,383,97,424
304,../data/bird2_train/,Western_Meadowlark_0067_78529_jpg_86.jpg,500,333,203,292,102,231
305,../data/bird2_train/,Gadwall_0064_31504_jpg_87.jpg,500,333,254,423,97,187
306,../data/bird2_train/,Cardinal_0047_17673_jpg_88.jpg,500,398,148,307,65,271
307,../data/bird2_train/,Cardinal_198_jpg_89.jpg,512,410,140,278,99,254
308,../data/bird2_train/,Horned_Grebe_0101_35203_jpg_90.jpg,500,333,212,355,105,239
309,../data/bird2_train/,Red_Winged_Blackbird_0072_4338_jpg_91.jpg,500,333,120,340,83,266
310,../data/bird2_train/,Cardinal_055_jpg_92.jpg,275,183,13,205,18,172
311,../data/bird2_train/,Red_Winged_Blackbird_0020_4050_jpg_93.jpg,500,400,217,374,144,333
312,../data/bird2_train/,Red_Winged_Blackbird_0109_4454_jpg_94.jpg,500,397,0,472,26,333
313,../data/bird2_train/,Gadwall_0085_31171_jpg_95.jpg,500,329,66,450,26,214
314,../data/bird2_train/,Red_Winged_Blackbird_0087_jpg_96.jpg,650,433,125,341,78,296
315,../data/bird2_train/,Gadwall_0069_31291_jpg_97.jpg,500,333,51,499,0,243
316,../data/bird2_train/,Cardinal_0025_17239_jpg_98.jpg,500,362,131,332,56,291
317,../data/bird2_train/,Red_Winged_Blackbird_0074_4146_jpg_99.jpg,500,301,120,272,125,207
318,../data/bird2_train/,Gadwall_0068_30886_jpg_100.jpg,500,314,51,420,42,245
319,../data/bird2_train/,Gadwall_0039_31013_jpg_101.jpg,500,333,158,440,62,222
320,../data/bird2_train/,Blue_Jay_0053_62744_jpg_102.jpg,500,408,101,436,71,318
321,../data/bird2_train/,Gadwall_0070_31187_jpg_103.jpg,500,334,93,437,41,234
322,../data/bird2_train/,Blue_Jay_0052_63148_jpg_104.jpg,500,393,153,462,0,267
323,../data/bird2_train/,Cardinal_0047_17673_jpg_105.jpg,500,398,189,355,62,273
324,../data/bird2_train/,Gadwall_0040_31788_jpg_106.jpg,500,306,76,368,72,275
325,../data/bird2_train/,Blue_Jay_0083_61492_jpg_107.jpg,402,500,44,363,0,307
326,../data/bird2_train/,Red_Winged_Blackbird_0087_jpg_108.jpg,650,433,121,337,98,316
327,../data/bird2_train/,Red_Winged_Blackbird_0060_4688_jpg_109.jpg,500,355,52,359,106,260
328,../data/bird2_train/,Horned_Grebe_0086_34749_jpg_110.jpg,500,358,110,311,106,271
329,../data/bird2_train/,Horned_Grebe_0093_34720_jpg_111.jpg,500,333,107,372,72,271
330,../data/bird2_train/,Blue_Jay_0031_jpg_112.jpg,570,380,91,300,62,314
331,../data/bird2_train/,Blue_Jay_001_jpg_113.jpg,960,640,113,605,0,419
332,../data/bird2_train/,Gadwall_0085_31171_jpg_114.jpg,500,329,58,459,0,244
333,../data/bird2_train/,Blue_Jay_0076_jpg_115.jpg,500,333,79,467,46,283
334,../data/bird2_train/,Gadwall_0087_31821_jpg_116.jpg,500,363,128,460,22,303
335,../data/bird2_train/,Gadwall_0031_30935_jpg_117.jpg,500,375,35,355,81,241
336,../data/bird2_train/,Gadwall_0088_31854_jpg_118.jpg,500,400,95,439,150,339
337,../data/bird2_train/,Blue_Jay_0078_62351_jpg_119.jpg,500,375,73,299,84,323
338,../data/bird2_train/,Horned_Grebe_0006_34718_jpg_120.jpg,500,332,131,361,75,225
339,../data/bird2_train/,Horned_Grebe_0063_34966_jpg_121.jpg,500,351,138,396,55,270
340,../data/bird2_train/,Horned_Grebe_0002_34577_jpg_122.jpg,500,412,88,432,36,267
341,../data/bird2_train/,Red_Winged_Blackbird_0105_4842_jpg_123.jpg,500,406,164,343,93,295
342,../data/bird2_train/,Blue_Jay_0074_63487_jpg_124.jpg,375,500,132,320,261,395
343,../data/bird2_train/,Red_Winged-Blackbirds_jpg_653x0_q80_crop-smart_jpg_125.jpg,653,522,159,461,79,350
344,../data/bird2_train/,Red_Winged_Blackbird_0023_5257_jpg_126.jpg,420,498,124,309,138,321
345,../data/bird2_train/,Horned_Grebe_0029_34557_jpg_127.jpg,500,333,113,439,58,222
346,../data/bird2_train/,Western_Meadowlark_0042_78180_jpg_128.jpg,500,336,261,386,66,233
347,../data/bird2_train/,Blue_Jay_0099_64435_jpg_129.jpg,500,400,107,399,53,305
348,../data/bird2_train/,Gadwall_0087_31821_jpg_130.jpg,500,363,35,393,0,308
349,../data/bird2_train/,Red_Winged_Blackbird_0099_jpg_131.jpg,440,500,60,335,57,337
350,../data/bird2_train/,Horned_Grebe_0045_34859_jpg_132.jpg,500,326,185,365,61,202
351,../data/bird2_train/,Cardinal_12642_jpg_133.jpg,500,333,99,459,26,247
352,../data/bird2_train/,Red_Winged_Blackbird_0021_jpg_134.jpg,533,760,73,430,185,542
353,../data/bird2_train/,Blue_Jay_0049_63082_jpg_135.jpg,328,500,91,238,99,318
354,../data/bird2_train/,Blue_Jay_0076_jpg_136.jpg,500,333,86,459,80,265
355,../data/bird2_train/,Cardinal_093_jpg_137.jpg,400,382,36,378,0,352
356,../data/bird2_train/,Gadwall_0050_31223_jpg_138.jpg,500,488,79,376,98,263
357,../data/bird2_train/,Blue_Jay_00111_jpg_139.jpg,480,360,19,441,18,289
358,../data/bird2_train/,Red_Winged_Blackbird_0104_3918_jpg_140.jpg,500,334,254,327,77,187
359,../data/bird2_train/,Red_Winged_Blackbird_0062_4233_jpg_141.jpg,357,500,98,309,98,390
360,../data/bird2_train/,Western_Meadowlark_0069_78587_jpg_142.jpg,500,281,50,466,26,268
361,../data/bird2_train/,Gadwall_0066_31557_jpg_143.jpg,500,348,49,351,103,245
362,../data/bird2_train/,Red_Winged_Blackbird_0066_5070_jpg_144.jpg,500,342,114,342,109,226
363,../data/bird2_train/,Gadwall_0042_31411_jpg_145.jpg,500,429,128,348,55,213
364,../data/bird2_train/,Red_Winged_Blackbird_0104_3918_jpg_146.jpg,500,334,175,239,83,190
365,../data/bird2_train/,Blue_Jay_0050_62974_jpg_147.jpg,500,355,47,364,94,264
366,../data/bird2_train/,Western_Meadowlark_0108_78155_jpg_148.jpg,500,375,236,447,118,291
367,../data/bird2_train/,Gadwall_0035_30985_jpg_149.jpg,500,278,55,355,45,186
368,../data/bird2_train/,Blue_Jay_0053_62744_jpg_150.jpg,500,408,62,402,67,323
369,../data/bird2_train/,Gadwall_0050_31223_jpg_151.jpg,500,488,135,422,112,253
370,../data/bird2_train/,Blue_Jay_0031_jpg_152.jpg,570,380,254,492,37,311
371,../data/bird2_train/,Horned_Grebe_0003_34983_jpg_153.jpg,500,400,128,448,76,244
372,../data/bird2_train/,Cardinal_00122_jpg_154.jpg,628,381,144,537,9,380
373,../data/bird2_train/,Horned_Grebe_0019_34811_jpg_155.jpg,500,386,60,418,29,292
374,../data/bird2_train/,Cardinal_00124_jpg_156.jpg,600,430,249,511,78,393
375,../data/bird2_train/,Blue_Jay_0081_61714_jpg_157.jpg,500,333,153,378,45,206
376,../data/bird2_train/,Western_Meadowlark_0021_78841_jpg_158.jpg,333,500,124,236,54,154
377,../data/bird2_train/,Red_Winged_Blackbird_0013_5762_jpg_159.jpg,473,500,132,387,81,361
378,../data/bird2_train/,Blue_Jay_0074_63487_jpg_160.jpg,375,500,43,240,248,398
379,../data/bird2_train/,Blue_Jay_00644_jpg_161.jpg,600,451,225,507,69,334
380,../data/bird2_train/,Western_Meadowlark_0042_78180_jpg_162.jpg,500,336,265,384,71,235
381,../data/bird2_train/,Gadwall_0083_30959_jpg_163.jpg,500,333,204,463,130,261
382,../data/bird2_train/,Cardinal_001222_jpg_164.jpg,666,411,103,436,4,306
383,../data/bird2_train/,Horned_Grebe_0011_34687_jpg_165.jpg,500,300,171,358,62,173
384,../data/bird2_train/,Red_Winged_Blackbird_0022_4483_jpg_166.jpg,374,500,122,269,142,275
385,../data/bird2_train/,Red_Winged_Blackbird_0014_3761_jpg_167.jpg,333,500,73,305,96,369
386,../data/bird2_train/,Cardinal_15542_jpg_168.jpg,628,416,88,493,18,404
387,../data/bird2_train/,Blue_Jay_0038_62784_jpg_169.jpg,480,500,23,274,99,394
388,../data/bird2_train/,Cardinal_0025_17239_jpg_170.jpg,500,362,114,353,38,304
389,../data/bird2_train/,Gadwall_0076_31639_jpg_171.jpg,500,304,176,448,115,255
390,../data/bird2_train/,Red_Winged_Blackbird_0011_5845_jpg_172.jpg,500,375,87,251,97,229
391,../data/bird2_train/,Cardinal_00120_jpg_173.jpg,768,512,206,603,32,384
392,../data/bird2_train/,Western_Meadowlark_0103_78500_jpg_174.jpg,500,344,114,225,150,251
393,../data/bird2_train/,Cardinal_00125563_jpg_175.jpg,613,345,275,511,47,285
394,../data/bird2_train/,Blue_Jay_0054_61656_jpg_176.jpg,500,468,193,296,111,268
395,../data/bird2_train/,Cardinal_00125563_jpg_177.jpg,613,345,286,497,48,262
396,../data/bird2_train/,Gadwall_0083_30959_jpg_178.jpg,500,333,40,289,136,229
397,../data/bird2_train/,Red_Winged_Blackbird_0065_4026_jpg_179.jpg,500,372,203,376,140,291
398,../data/bird2_train/,Horned_Grebe_0009_34952_jpg_180.jpg,500,375,234,344,118,239
399,../data/bird2_train/,Blue_Jay_0062_62585_jpg_181.jpg,500,335,103,339,87,283
400,../data/bird2_train/,Red_Winged_Blackbird_00555_jpg_182.jpg,600,800,23,495,86,610
401,../data/bird2_train/,Cardinal_0011_jpg_183.jpg,428,640,54,316,149,489
402,../data/bird2_train/,Red_Winged_Blackbird_0012_jpg_184.jpg,550,367,141,396,12,323
403,../data/bird2_train/,Western_Meadowlark_0040_77823_jpg_185.jpg,500,400,63,379,60,310
404,../data/bird2_train/,Blue_Jay_0048_62433_jpg_186.jpg,500,393,213,469,74,324
405,../data/bird2_train/,Horned_Grebe_0033_34736_jpg_187.jpg,500,375,213,380,143,258
406,../data/bird2_train/,Western_Meadowlark_0107_78608_jpg_188.jpg,384,500,77,291,85,351
407,../data/bird2_train/,Red_Winged_Blackbird_00555_jpg_189.jpg,600,800,119,545,98,584
408,../data/bird2_train/,Red_Winged_Blackbird_0078_5372_jpg_190.jpg,500,375,169,376,62,236
409,../data/bird2_train/,Blue_Jay_0072_62944_jpg_191.jpg,500,468,118,430,78,319
410,../data/bird2_train/,Red_Winged_Blackbird_0022_4483_jpg_192.jpg,374,500,118,261,144,273
411,../data/bird2_train/,Horned_Grebe_0064_35015_jpg_193.jpg,500,354,287,450,52,167
412,../data/bird2_train/,Red_Winged_Blackbird_0099_jpg_194.jpg,440,500,81,329,68,322
413,../data/bird2_train/,Cardinal_00121_jpg_195.jpg,640,485,141,460,112,351
414,../data/bird2_train/,Horned_Grebe_0051_35143_jpg_196.jpg,500,417,46,349,90,310
415,../data/bird2_train/,Blue_Jay_0096_63330_jpg_197.jpg,500,389,84,349,64,270
416,../data/bird2_train/,Red_Winged_Blackbird_0024_4180_jpg_198.jpg,500,332,79,499,35,331
417,../data/bird2_train/,Blue_Jay_0083_61492_jpg_199.jpg,402,500,45,351,2,300
418,../data/bird2_train/,Gadwall_0082_31301_jpg_200.jpg,500,375,89,370,125,311
419,../data/bird2_train/,Red_Winged_Blackbird_0066_5070_jpg_201.jpg,500,342,155,383,96,220
420,../data/bird2_train/,Horned_Grebe_0005_34657_jpg_202.jpg,500,394,126,390,108,266
421,../data/bird2_train/,Blue_Jay_0055_61507_jpg_203.jpg,500,333,68,466,0,297
422,../data/bird2_train/,Western_Meadowlark_0091_78576_jpg_204.jpg,500,386,125,413,64,276
423,../data/bird2_train/,Cardinal_1100_jpg_205.jpg,600,600,177,441,109,383
424,../data/bird2_train/,Blue_Jay_0075_63021_jpg_206.jpg,500,375,62,420,0,302
425,../data/bird2_train/,Western_Meadowlark_0019_77876_jpg_207.jpg,500,414,67,211,156,328
426,../data/bird2_train/,Horned_Grebe_0031_34626_jpg_208.jpg,500,333,78,337,57,217
427,../data/bird2_train/,Red_Winged_Blackbird_0021_jpg_209.jpg,533,760,72,446,172,546
428,../data/bird2_train/,Gadwall_0060_31686_jpg_210.jpg,500,333,74,379,79,279
429,../data/bird2_train/,Cardinal_001244_jpg_211.jpg,500,333,141,350,67,253
430,../data/bird2_train/,Red_Winged_Blackbird_0013_5762_jpg_212.jpg,473,500,156,372,102,348
431,../data/bird2_train/,Cardinal_1100_jpg_213.jpg,600,600,162,422,110,381
432,../data/bird2_train/,Gadwall_0093_30898_jpg_214.jpg,500,334,131,450,58,260
433,../data/bird2_train/,Red_Winged_Blackbird_0071_3988_jpg_215.jpg,500,333,7,456,28,263
434,../data/bird2_train/,Red_Winged_Blackbird_0058_4141_jpg_216.jpg,500,375,191,346,143,282
435,../data/bird2_train/,Horned_Grebe_0031_34626_jpg_217.jpg,500,333,68,329,77,245
436,../data/bird2_train/,Horned_Grebe_0061_34613_jpg_218.jpg,500,333,195,422,47,173
437,../data/bird2_train/,Horned_Grebe_0093_34720_jpg_219.jpg,500,333,125,397,67,274
438,../data/bird2_train/,Cardinal_0095_18108_jpg_220.jpg,382,500,95,318,61,347
439,../data/bird2_train/,Horned_Grebe_0085_34713_jpg_221.jpg,500,334,113,405,58,234
440,../data/bird2_train/,Cardinal_0041_17189_jpg_222.jpg,500,390,108,352,136,263
441,../data/bird2_train/,Blue_Jay_0070_63684_jpg_223.jpg,500,375,212,429,134,256
442,../data/bird2_train/,Horned_Grebe_0050_34561_jpg_224.jpg,500,333,223,355,135,244
443,../data/bird2_train/,Red_Winged_Blackbird_0011_jpg_225.jpg,700,400,66,466,0,344
444,../data/bird2_train/,Gadwall_0077_30929_jpg_226.jpg,500,371,119,331,93,245
445,../data/bird2_train/,Western_Meadowlark_0013_77712_jpg_227.jpg,333,500,53,256,64,227
446,../data/bird2_train/,Red_Winged_Blackbird_0105_4842_jpg_228.jpg,500,406,167,343,95,294
447,../data/bird2_train/,Blue_Jay_0066_jpg_229.jpg,497,640,69,466,24,593
448,../data/bird2_train/,Red_Winged_Blackbird_0012_6015_jpg_230.jpg,500,339,146,361,81,251
449,../data/bird2_train/,Gadwall_0086_31346_jpg_231.jpg,500,328,149,355,89,190
450,../data/bird2_train/,Gadwall_0055_30912_jpg_232.jpg,500,375,58,304,49,276
451,../data/bird2_train/,Cardinal_0083_18042_jpg_233.jpg,500,375,68,410,59,313
452,../data/bird2_train/,Blue_Jay_00343_jpg_234.jpg,540,346,125,488,34,267
453,../data/bird2_train/,Red_Winged_Blackbird_0000_jpg_235.jpg,322,402,66,321,52,309
454,../data/bird2_train/,Western_Meadowlark_0091_78576_jpg_236.jpg,500,386,95,359,89,259
455,../data/bird2_train/,Western_Meadowlark_0067_78529_jpg_237.jpg,500,333,202,294,101,232
456,../data/bird2_train/,Red_Winged_Blackbird_0064_4936_jpg_238.jpg,500,386,192,424,115,292
457,../data/bird2_train/,Blue_Jay_0068_61543_jpg_239.jpg,500,415,228,472,67,255
458,../data/bird2_train/,Western_Meadowlark_0121_78402_jpg_240.jpg,500,328,176,307,124,253
459,../data/bird2_train/,Horned_Grebe_0050_34561_jpg_241.jpg,500,333,140,271,114,221
460,../data/bird2_train/,Cardinal_0053_17541_jpg_242.jpg,377,500,44,302,85,435
461,../data/bird2_train/,Gadwall_0070_31187_jpg_243.jpg,500,334,73,405,58,214
462,../data/bird2_train/,Gadwall_0088_31854_jpg_244.jpg,500,400,51,393,146,330
463,../data/bird2_train/,Gadwall_0030_31855_jpg_245.jpg,500,332,104,405,44,259
464,../data/bird2_train/,Red_Winged_Blackbird_0075_jpg_246.jpg,500,300,260,454,0,200
465,../data/bird2_train/,Horned_Grebe_0041_34535_jpg_247.jpg,500,333,156,336,99,226
466,../data/bird2_train/,Blue_Jay_0044_62759_jpg_248.jpg,500,333,72,251,83,302
467,../data/bird2_train/,Gadwall_0065_31659_jpg_249.jpg,500,401,105,365,116,258
468,../data/bird2_train/,Western_Meadowlark_0104_78105_jpg_250.jpg,500,468,63,314,112,382
469,../data/bird2_train/,Red_Winged_Blackbird_0062_4233_jpg_251.jpg,357,500,55,253,103,388
470,../data/bird2_train/,Cardinal_00126_jpg_252.jpg,537,414,242,456,33,386
471,../data/bird2_train/,Horned_Grebe_0011_34687_jpg_253.jpg,500,300,142,344,42,188
472,../data/bird2_train/,Western_Meadowlark_0053_77774_jpg_254.jpg,429,500,182,399,53,249
473,../data/bird2_train/,Gadwall_0031_30935_jpg_255.jpg,500,375,129,455,51,235
474,../data/bird2_train/,Red_Winged_Blackbird_0061_jpg_256.jpg,760,514,232,470,81,348
475,../data/bird2_train/,Blue_Jay_0094_62698_jpg_257.jpg,500,369,78,400,68,285
476,../data/bird2_train/,Red_Winged_Blackbird_0078_5372_jpg_258.jpg,500,375,163,396,51,258
477,../data/bird2_train/,Western_Meadowlark_0100_78037_jpg_259.jpg,500,450,135,312,84,320
478,../data/bird2_train/,Horned_Grebe_0040_34548_jpg_260.jpg,500,444,80,430,69,281
479,../data/bird2_train/,Red_Winged_Blackbird_0020_4050_jpg_261.jpg,500,400,133,265,146,316
480,../data/bird2_train/,Cardinal_196_jpg_262.jpg,600,400,117,430,40,321
481,../data/bird2_train/,Western_Meadowlark_0015_78610_jpg_263.jpg,479,429,106,323,109,307
482,../data/bird2_train/,Blue_Jay_0070_63684_jpg_264.jpg,500,375,71,288,134,256
483,../data/bird2_train/,Western_Meadowlark_0044_77758_jpg_265.jpg,357,500,73,269,88,290
484,../data/bird2_train/,Horned_Grebe_0085_34713_jpg_266.jpg,500,334,88,391,48,247
485,../data/bird2_train/,Red_Winged_Blackbird_0011_5845_jpg_267.jpg,500,375,245,413,88,228
486,../data/bird2_train/,Cardinal_0053_17541_jpg_268.jpg,377,500,103,309,97,416
487,../data/bird2_train/,Gadwall_0077_30929_jpg_269.jpg,500,371,174,380,102,240
488,../data/bird2_train/,Horned_Grebe_0045_34859_jpg_270.jpg,500,326,182,374,56,212
489,../data/bird2_train/,Cardinal_0041_17189_jpg_271.jpg,500,390,111,348,145,242
490,../data/bird2_train/,Horned_Grebe_0051_35143_jpg_272.jpg,500,417,151,454,90,310
491,../data/bird2_train/,Gadwall_0079_31052_jpg_273.jpg,500,333,120,470,32,229
492,../data/bird2_train/,Blue_Jay_00_jpg_274.jpg,600,391,43,461,27,369
493,../data/bird2_train/,Western_Meadowlark_0116_77862_jpg_275.jpg,500,476,197,357,172,326
494,../data/bird2_train/,Cardinal_0104_17122_jpg_276.jpg,352,500,60,347,52,414
495,../data/bird2_train/,Gadwall_0059_31646_jpg_277.jpg,500,376,161,461,106,328
496,../data/bird2_train/,Western_Meadowlark_0015_78610_jpg_278.jpg,479,429,105,324,107,308
497,../data/bird2_train/,Western_Meadowlark_0032_78633_jpg_279.jpg,500,349,60,351,31,231
498,../data/bird2_train/,Western_Meadowlark_0022_78410_jpg_280.jpg,400,500,59,289,71,348
499,../data/bird2_train/,Red_Winged_Blackbird_0058_4141_jpg_281.jpg,500,375,188,353,136,286
500,../data/bird2_train/,Gadwall_0084_31135_jpg_282.jpg,500,397,108,297,100,289
501,../data/bird2_train/,Western_Meadowlark_0050_77864_jpg_283.jpg,500,400,99,385,91,286
502,../data/bird2_train/,Horned_Grebe_0099_34989_jpg_284.jpg,500,345,177,432,95,247
503,../data/bird2_train/,Western_Meadowlark_0115_77882_jpg_285.jpg,500,439,174,373,61,324
504,../data/bird2_train/,Gadwall_0097_30893_jpg_286.jpg,500,333,92,274,101,218
505,../data/bird2_train/,Red_Winged_Blackbird_0074_4146_jpg_287.jpg,500,301,120,269,122,199
506,../data/bird2_train/,Western_Meadowlark_0038_77785_jpg_288.jpg,500,351,102,408,38,266
507,../data/bird2_train/,Horned_Grebe_0100_34462_jpg_289.jpg,500,376,220,387,67,208
508,../data/bird2_train/,Red_Winged_Blackbird_0061_4196_jpg_290.jpg,500,317,86,370,84,254
509,../data/bird2_train/,Blue_Jay_0088_63264_jpg_291.jpg,500,335,222,415,29,248
510,../data/bird2_train/,Horned_Grebe_0064_35015_jpg_292.jpg,500,354,53,224,35,164
511,../data/bird2_train/,Blue_Jay_00_jpg_293.jpg,600,391,60,444,45,335
512,../data/bird2_train/,Blue_Jay_0062_62585_jpg_294.jpg,500,335,98,344,79,287
513,../data/bird2_train/,Western_Meadowlark_0100_78037_jpg_295.jpg,500,450,141,331,72,315
514,../data/bird2_train/,Horned_Grebe_0066_34738_jpg_296.jpg,500,359,122,316,127,285
515,../data/bird2_train/,Western_Meadowlark_0044_77758_jpg_297.jpg,357,500,73,260,93,286
516,../data/bird2_train/,Western_Meadowlark_0033_78312_jpg_298.jpg,500,333,67,224,123,286
517,../data/bird2_train/,Horned_Grebe_0096_34452_jpg_299.jpg,500,400,99,361,49,328
518,../data/bird2_train/,Blue_Jay_0060_62570_jpg_300.jpg,500,400,48,347,132,297
519,../data/bird2_train/,Red_Winged_Blackbird_0064_4936_jpg_301.jpg,500,386,75,325,121,327
520,../data/bird2_train/,Gadwall_0030_31855_jpg_302.jpg,500,332,88,397,38,267
521,../data/bird2_train/,Western_Meadowlark_0077_77814_jpg_303.jpg,500,354,133,311,61,268
522,../data/bird2_train/,Cardinal_0075_17946_jpg_304.jpg,399,500,113,309,109,353
523,../data/bird2_train/,Blue_Jay_0092_61654_jpg_305.jpg,500,330,58,462,36,288
524,../data/bird2_train/,Gadwall_0065_31659_jpg_306.jpg,500,401,136,393,121,251
525,../data/bird2_train/,Horned_Grebe_0067_34654_jpg_307.jpg,500,458,58,467,81,277
526,../data/bird2_train/,Cardinal_0011_jpg_308.jpg,428,640,54,316,149,489
527,../data/bird2_train/,Red_Winged_Blackbird_0059_4612_jpg_309.jpg,500,356,86,354,113,282
528,../data/bird2_train/,Gadwall_0066_31557_jpg_310.jpg,500,348,150,452,103,245
529,../data/bird2_train/,Horned_Grebe_0029_34557_jpg_311.jpg,500,333,123,439,83,211
530,../data/bird2_train/,Red_Winged_Blackbird_0075_jpg_312.jpg,500,300,52,211,28,218
531,../data/bird2_train/,Cardinal_0083_18042_jpg_313.jpg,500,375,102,422,78,297
532,../data/bird2_train/,Red_Winged_Blackbird_0071_3988_jpg_314.jpg,500,333,44,480,52,230
533,../data/bird2_train/,Gadwall_0048_31312_jpg_315.jpg,500,333,97,315,112,224
534,../data/bird2_train/,Red_Winged_Blackbird_00_jpg_316.jpg,700,365,74,537,30,313
535,../data/bird2_train/,Red_Winged_Blackbird_0109_4454_jpg_317.jpg,500,397,30,489,50,301
536,../data/bird2_train/,Red_Winged_Blackbird_0060_4688_jpg_318.jpg,500,355,140,450,103,267
537,../data/bird2_train/,Horned_Grebe_0095_34491_jpg_319.jpg,500,334,55,455,0,217
538,../data/bird2_train/,Horned_Grebe_0096_34452_jpg_320.jpg,500,400,129,414,41,341
539,../data/bird2_train/,Red_Winged_Blackbird_0011_jpg_321.jpg,700,400,257,622,16,335
540,../data/bird2_train/,Horned_Grebe_0098_34662_jpg_322.jpg,500,354,153,358,77,243
541,../data/bird2_train/,Gadwall_0036_31760_jpg_323.jpg,500,333,88,336,29,169
542,../data/bird2_train/,Western_Meadowlark_0081_77798_jpg_324.jpg,433,500,35,352,87,443
543,../data/bird2_train/,Western_Meadowlark_0069_78587_jpg_325.jpg,500,281,47,466,24,272
544,../data/bird2_train/,Blue_Jay_0038_62784_jpg_326.jpg,480,500,198,456,131,431
545,../data/bird2_train/,Blue_Jay_0085_62831_jpg_327.jpg,500,400,62,270,120,343
546,../data/bird2_train/,Cardinal_0012_jpg_328.jpg,540,359,86,334,28,257
547,../data/bird2_train/,Horned_Grebe_0033_34736_jpg_329.jpg,500,375,119,287,121,238
548,../data/bird2_train/,Cardinal_0084_17576_jpg_330.jpg,500,409,128,290,174,301
549,../data/bird2_train/,Blue_Jay_0099_64435_jpg_331.jpg,500,400,95,405,42,317
550,../data/bird2_train/,Horned_Grebe_0040_34548_jpg_332.jpg,500,444,86,417,88,261
551,../data/bird2_train/,Gadwall_0048_31312_jpg_333.jpg,500,333,93,321,108,242
552,../data/bird2_train/,Western_Meadowlark_0121_78402_jpg_334.jpg,500,328,196,316,131,248
553,../data/bird2_train/,Blue_Jay_0048_62433_jpg_335.jpg,500,393,44,276,75,300
554,../data/bird2_train/,Western_Meadowlark_0037_77759_jpg_336.jpg,334,500,10,256,69,412
555,../data/bird2_train/,Gadwall_0097_30893_jpg_337.jpg,500,333,97,274,94,203
556,../data/bird2_train/,Western_Meadowlark_0024_78432_jpg_338.jpg,463,500,196,322,111,263
557,../data/bird2_train/,Cardinal_198_jpg_339.jpg,512,410,225,390,97,275
558,../data/bird2_train/,Red_Winged_Blackbird_0012_jpg_340.jpg,550,367,165,364,33,306
559,../data/bird2_train/,Cardinal_0010_18894_jpg_341.jpg,500,332,65,202,49,203
560,../data/bird2_train/,Western_Meadowlark_0053_77774_jpg_342.jpg,429,500,22,246,53,258
561,../data/bird2_train/,Cardinal_00121_jpg_343.jpg,640,485,173,512,102,374
562,../data/bird2_train/,Gadwall_0052_30915_jpg_344.jpg,500,312,59,432,40,283
563,../data/bird2_train/,Gadwall_0076_31639_jpg_345.jpg,500,304,47,319,102,242
564,../data/bird2_train/,Red_Winged_Blackbird_0059_4612_jpg_346.jpg,500,356,81,357,103,288
565,../data/bird2_train/,Cardinal_055_jpg_347.jpg,275,183,20,197,24,158
566,../data/bird2_train/,Horned_Grebe_0101_35203_jpg_348.jpg,500,333,139,295,86,235
567,../data/bird2_train/,Horned_Grebe_0066_34738_jpg_349.jpg,500,359,199,377,129,261
568,../data/bird2_train/,Horned_Grebe_0067_34654_jpg_350.jpg,500,458,18,446,59,303
569,../data/bird2_train/,Gadwall_0075_30892_jpg_351.jpg,500,348,49,315,163,313
570,../data/bird2_train/,Western_Meadowlark_0029_78832_jpg_352.jpg,500,333,226,338,99,232
571,../data/bird2_train/,Blue_Jay_0072_62944_jpg_353.jpg,500,468,116,436,73,327
572,../data/bird2_train/,Gadwall_29_jpg_354.jpg,750,606,142,570,109,389
573,../data/bird2_train/,Blue_Jay_0044_62759_jpg_355.jpg,500,333,67,259,84,313
574,../data/bird2_train/,Western_Meadowlark_0001_78676_jpg_356.jpg,500,334,135,245,66,226
575,../data/bird2_train/,Red_Winged_Blackbird_0065_4026_jpg_357.jpg,500,372,196,393,117,297
576,../data/bird2_train/,Cardinal_0052_18334_jpg_358.jpg,500,330,124,390,105,244
577,../data/bird2_train/,Western_Meadowlark_0019_77876_jpg_359.jpg,500,414,285,435,158,335
578,../data/bird2_train/,Gadwall_0091_30941_jpg_360.jpg,500,333,76,421,16,285
579,../data/bird2_train/,Horned_Grebe_0084_34936_jpg_361.jpg,500,358,117,351,100,231
580,../data/bird2_train/,Cardinal_00122_jpg_362.jpg,628,381,81,495,0,380
581,../data/bird2_train/,Blue_Jay_0049_63082_jpg_363.jpg,328,500,62,242,92,328
582,../data/bird2_train/,Cardinal_001255_jpg_364.jpg,500,667,86,430,75,502
583,../data/bird2_train/,Red_Winged_Blackbird_0000_jpg_365.jpg,322,402,63,315,48,300
584,../data/bird2_train/,Cardinal_094_jpg_366.jpg,720,540,170,502,25,410
585,../data/bird2_train/,Gadwall_0041_31064_jpg_367.jpg,500,393,83,464,47,247
586,../data/bird2_train/,Horned_Grebe_0003_34983_jpg_368.jpg,500,400,40,367,76,265
587,../data/bird2_train/,Blue_Jay_0082_62524_jpg_369.jpg,500,313,208,341,30,242
588,../data/bird2_train/,Red_Winged_Blackbird_0061_jpg_370.jpg,760,514,230,475,78,350
589,../data/bird2_train/,Horned_Grebe_0088_35023_jpg_371.jpg,500,373,133,345,93,248
590,../data/bird2_train/,Gadwall_0096_31560_jpg_372.jpg,500,336,101,410,33,185
591,../data/bird2_train/,Red_Winged_Blackbird_019_jpg_373.jpg,490,585,56,388,112,432
592,../data/bird2_train/,Horned_Grebe_0009_34952_jpg_374.jpg,500,375,160,260,126,239
593,../data/bird2_train/,Cardinal_0094_17165_jpg_375.jpg,500,348,79,344,20,227
594,../data/bird2_train/,Horned_Grebe_0099_34989_jpg_376.jpg,500,345,177,432,95,247
595,../data/bird2_train/,Blue_Jay_00644_jpg_377.jpg,600,451,84,392,47,341
596,../data/bird2_train/,Horned_Grebe_0041_34535_jpg_378.jpg,500,333,161,335,105,217
597,../data/bird2_train/,Gadwall_0096_31560_jpg_379.jpg,500,336,97,402,38,179
598,../data/bird2_train/,Gadwall_0068_30886_jpg_380.jpg,500,314,82,444,60,224
599,../data/bird2_train/,Horned_Grebe_0098_34662_jpg_381.jpg,500,354,148,368,67,255
600,../data/bird2_train/,Gadwall_0059_31646_jpg_382.jpg,500,376,38,332,98,311
601,../data/bird2_train/,Gadwall_0093_30898_jpg_383.jpg,500,334,123,442,41,243
602,../data/bird2_train/,Horned_Grebe_0017_35073_jpg_384.jpg,500,334,171,412,81,228
603,../data/bird2_train/,Western_Meadowlark_0022_78410_jpg_385.jpg,400,500,71,283,76,339
604,../data/bird2_train/,Gadwall_0084_31135_jpg_386.jpg,500,397,109,300,116,307
605,../data/bird2_train/,Red_Winged_Blackbird_0014_3761_jpg_387.jpg,333,500,87,285,106,353
606,../data/bird2_train/,Blue_Jay_00343_jpg_388.jpg,540,346,34,428,13,303
607,../data/bird2_train/,Cardinal_0095_18108_jpg_389.jpg,382,500,62,269,72,347
608,../data/bird2_train/,Western_Meadowlark_0109_77990_jpg_390.jpg,353,500,122,269,145,351
609,../data/bird2_train/,Red_Winged_Blackbird_0021_3767_jpg_391.jpg,500,335,126,425,32,294
610,../data/bird2_train/,Cardinal_00120_jpg_392.jpg,768,512,212,601,38,380
611,../data/bird2_train/,Gadwall_0039_31013_jpg_393.jpg,500,333,60,351,46,224
612,../data/bird2_train/,Blue_Jay_0087_jpg_394.jpg,307,415,40,299,46,325
613,../data/bird2_train/,Horned_Grebe_0095_34491_jpg_395.jpg,500,334,53,450,0,207
614,../data/bird2_train/,Blue_Jay_0054_61656_jpg_396.jpg,500,468,201,297,112,265
615,../data/bird2_train/,Blue_Jay_0092_61654_jpg_397.jpg,500,330,34,447,27,297
616,../data/bird2_train/,Blue_Jay_0088_63264_jpg_398.jpg,500,335,224,425,54,279
617,../data/bird2_train/,Western_Meadowlark_0032_78633_jpg_399.jpg,500,349,60,354,27,232
618,../data/bird2_train/,Cardinal_001255_jpg_400.jpg,500,667,62,411,75,505
619,../data/bird2_train/,Cardinal_0052_18334_jpg_401.jpg,500,330,99,385,82,265
620,../data/bird2_train/,Western_Meadowlark_0033_78312_jpg_402.jpg,500,333,260,437,128,310
621,../data/bird2_train/,Western_Meadowlark_0028_78487_jpg_403.jpg,420,280,53,354,24,236
622,../data/bird2_train/,Cardinal_0084_17576_jpg_404.jpg,500,409,212,374,173,300
623,../data/bird2_train/,Horned_Grebe_0019_34811_jpg_405.jpg,500,386,46,406,35,303
624,../data/bird2_train/,Horned_Grebe_0039_34848_jpg_406.jpg,500,333,189,431,89,317
625,../data/bird2_train/,Horned_Grebe_0063_34966_jpg_407.jpg,500,351,109,355,65,264
626,../data/bird2_train/,Gadwall_0091_30941_jpg_408.jpg,500,333,91,406,40,261
627,../data/bird2_train/,Western_Meadowlark_0037_77759_jpg_409.jpg,334,500,70,316,54,397
628,../data/bird2_train/,Cardinal_094_jpg_410.jpg,720,540,179,482,38,403
629,../data/bird2_train/,Red_Winged_Blackbird_0097_jpg_411.jpg,750,552,75,613,54,409
630,../data/bird2_train/,Blue_Jay_0055_61507_jpg_412.jpg,500,333,51,435,4,278
631,../data/bird2_train/,Gadwall_0052_30915_jpg_413.jpg,500,312,67,439,44,282
632,../data/bird2_train/,Blue_Jay_00111_jpg_414.jpg,480,360,26,452,10,293
633,../data/bird2_train/,Blue_Jay_0096_63330_jpg_415.jpg,500,389,85,348,66,269
634,../data/bird2_train/,Gadwall_0075_30892_jpg_416.jpg,500,348,180,451,161,323
635,../data/bird2_train/,Horned_Grebe_0049_34779_jpg_417.jpg,500,333,126,439,57,259
636,../data/bird2_train/,Horned_Grebe_0046_34926_jpg_418.jpg,500,393,65,381,81,288
637,../data/bird2_train/,Gadwall_0058_31660_jpg_419.jpg,500,333,146,349,62,240
638,../data/bird2_train/,Blue_Jay_0060_62570_jpg_420.jpg,500,400,48,347,132,297
639,../data/bird2_train/,Cardinal_196_jpg_421.jpg,600,400,125,412,69,315
640,../data/bird2_train/,Horned_Grebe_0001_34723_jpg_422.jpg,500,346,109,366,89,252
641,../data/bird2_train/,Red_Winged_Blackbird_0097_jpg_423.jpg,750,552,146,650,90,365
642,../data/bird2_train/,Western_Meadowlark_0115_77882_jpg_424.jpg,500,439,164,379,54,327
643,../data/bird2_train/,Western_Meadowlark_0034_78869_jpg_425.jpg,461,500,204,326,157,302
644,../data/bird2_train/,Gadwall_0060_31686_jpg_426.jpg,500,333,112,424,78,296
645,../data/bird2_train/,Blue_Jay_0081_61714_jpg_427.jpg,500,333,123,342,51,202
